startValue,endValue,quantity,gids
0,9999,702,[]
10000,19999,618,[]
20000,29999,427,[]
30000,39999,269,[]
40000,49999,212,[]
50000,59999,122,[]
60000,69999,101,[]
70000,79999,76,[]
80000,89999,58,[]
90000,99999,53,[]
100000,109999,41,[]
110000,119999,36,[]
120000,129999,25,[]
130000,139999,39,[]
140000,149999,23,[]
150000,159999,29,[]
160000,169999,27,[]
170000,179999,19,[]
180000,189999,15,[]
190000,199999,14,[]
200000,209999,20,[]
210000,219999,10,[]
220000,229999,7,[]
230000,239999,10,[]
240000,249999,6,[]
250000,259999,11,[]
260000,269999,12,[]
270000,279999,8,[]
280000,289999,8,[]
290000,299999,11,[]
300000,309999,5,[]
310000,319999,8,[]
320000,329999,4,[]
330000,339999,4,[]
340000,349999,5,[]
350000,359999,4,[]
360000,369999,4,[]
370000,379999,5,[]
380000,389999,3,[]
390000,399999,3,[]
400000,409999,3,[]
410000,419999,4,[]
420000,429999,6,[]
430000,439999,5,[]
440000,449999,5,[]
450000,459999,2,"['45045', 451225.0, 'Greenville County, South Carolina']"
460000,469999,4,[]
470000,479999,1,"['53063', 471221.0, 'Spokane County, Washington']"
480000,489999,3,[]
490000,499999,6,[]
500000,509999,2,"['27123', 508640.0, 'Ramsey County, Minnesota']"
510000,519999,6,[]
520000,529999,1,"['41067', 529710.0, 'Washington County, Oregon']"
530000,539999,5,[]
540000,549999,4,[]
550000,559999,1,"['42045', 558979.0, 'Delaware County, Pennsylvania']"
560000,569999,0,[]
570000,579999,2,"['08005', 572003.0, 'Arapahoe County, Colorado']"
580000,589999,1,"['48157', 585375.0, 'Fort Bend County, Texas']"
590000,599999,0,[]
600000,609999,5,[]
610000,619999,1,"['12071', 618754.0, 'Lee County, Florida']"
620000,629999,5,[]
630000,639999,2,"['34017', 634266.0, 'Hudson County, New Jersey']"
640000,649999,0,[]
650000,659999,1,"['01073', 658466.0, 'Jefferson County, Alabama']"
660000,669999,2,"['35001', 662564.0, 'Bernalillo County, New Mexico']"
670000,679999,3,[]
680000,689999,2,"['06077', 685306.0, 'San Joaquin County, California']"
690000,699999,1,"['13089', 691893.0, 'DeKalb County, Georgia']"
700000,709999,1,"['17097', 703462.0, 'Lake County, Illinois']"
710000,719999,3,[]
720000,729999,1,"['25025', 722023.0, 'Suffolk County, Massachusetts']"
730000,739999,1,"['41051', 735334.0, 'Multnomah County, Oregon']"
740000,749999,3,[]
750000,759999,0,[]
760000,769999,0,[]
770000,779999,1,"['48215', 774769.0, 'Hidalgo County, Texas']"
780000,789999,2,"['34013', 783969.0, 'Essex County, New Jersey']"
790000,799999,3,[]
800000,809999,6,[]
810000,819999,0,[]
820000,829999,1,"['06111', 823318.0, 'Ventura County, California']"
830000,839999,1,"['06029', 839631.0, 'Kern County, California']"
840000,849999,1,"['26099', 840978.0, 'Macomb County, Michigan']"
850000,859999,0,[]
860000,869999,3,[]
870000,879999,0,[]
880000,889999,0,[]
890000,899999,1,"['09003', 894014.0, 'Hartford County, Connecticut']"
900000,909999,3,[]
910000,919999,5,[]
920000,929999,2,"['13121', 920581.0, 'Fulton County, Georgia']"
930000,939999,1,"['06019', 930450.0, 'Fresno County, California']"
940000,949999,2,"['36119', 949113.0, 'Westchester County, New York']"
950000,959999,1,"['15003', 953207.0, 'Honolulu County, Hawaii']"
960000,969999,0,[]
970000,979999,1,"['24031', 971777.0, 'Montgomery County, Maryland']"
980000,989999,1,"['04019', 980263.0, 'Pima County, Arizona']"
990000,999999,1,"['29189', 998954.0, 'St. Louis County, Missouri']"
1000000,1009999,0,[]
1010000,1019999,0,[]
1020000,1029999,2,"['48453', 1024266.0, 'Travis County, Texas']"
1030000,1039999,0,[]
1040000,1049999,1,"['06013', 1049025.0, 'Contra Costa County, California']"
1050000,1059999,0,[]
1060000,1069999,0,[]
1070000,1079999,0,[]
1080000,1089999,1,"['51059', 1081726.0, 'Fairfax County, Virginia']"
1090000,1099999,0,[]
1100000,1109999,0,[]
1110000,1119999,0,[]
1120000,1129999,0,[]
1130000,1139999,0,[]
1140000,1149999,1,"['12095', 1145956.0, 'Orange County, Florida']"
1150000,1159999,1,"['27053', 1152425.0, 'Hennepin County, Minnesota']"
1160000,1169999,1,"['39049', 1163414.0, 'Franklin County, Ohio']"
1170000,1179999,0,[]
1180000,1189999,0,[]
1190000,1199999,0,[]
1200000,1209999,1,"['26125', 1202362.0, 'Oakland County, Michigan']"
1210000,1219999,0,[]
1220000,1229999,2,"['12057', 1229226.0, 'Hillsborough County, Florida']"
1230000,1239999,0,[]
1240000,1249999,0,[]
1250000,1259999,0,[]
1260000,1269999,0,[]
1270000,1279999,0,[]
1280000,1289999,1,"['39035', 1280122.0, 'Cuyahoga County, Ohio']"
1290000,1299999,0,[]
1300000,1309999,0,[]
1310000,1319999,0,[]
1320000,1329999,1,"['12099', 1320134.0, 'Palm Beach County, Florida']"
1330000,1339999,1,"['36059', 1339532.0, 'Nassau County, New York']"
1340000,1349999,0,[]
1350000,1359999,0,[]
1360000,1369999,0,[]
1370000,1379999,0,[]
1380000,1389999,1,"['36005', 1385108.0, 'Bronx County, New York']"
1390000,1399999,0,[]
1400000,1409999,0,[]
1410000,1419999,1,"['06067', 1418788.0, 'Sacramento County, California']"
1420000,1429999,0,[]
1430000,1439999,0,[]
1440000,1449999,0,[]
1450000,1459999,0,[]
1460000,1469999,0,[]
1470000,1479999,0,[]
1480000,1489999,0,[]
1490000,1499999,1,"['36103', 1493350.0, 'Suffolk County, New York']"
1500000,1509999,1,"['25017', 1503085.0, 'Middlesex County, Massachusetts']"
1510000,1519999,1,"['06001', 1510271.0, 'Alameda County, California']"
1520000,1529999,1,"['42101', 1526006.0, 'Philadelphia County, Pennsylvania']"
1530000,1539999,0,[]
1540000,1549999,0,[]
1550000,1559999,0,[]
1560000,1569999,0,[]
1570000,1579999,0,[]
1580000,1589999,1,"['36061', 1585873.0, 'New York County, New York']"
1590000,1599999,0,[]
1600000,1609999,0,[]
1610000,1619999,0,[]
1620000,1629999,0,[]
1630000,1639999,0,[]
1640000,1649999,0,[]
1650000,1659999,0,[]
1660000,1669999,0,[]
1670000,1679999,0,[]
1680000,1689999,0,[]
1690000,1699999,0,[]
1700000,1709999,0,[]
1710000,1719999,1,"['48029', 1714773.0, 'Bexar County, Texas']"
1720000,1729999,0,[]
1730000,1739999,0,[]
1740000,1749999,1,"['12011', 1748066.0, 'Broward County, Florida']"
1750000,1759999,0,[]
1760000,1769999,0,[]
1770000,1779999,0,[]
1780000,1789999,1,"['06085', 1781642.0, 'Santa Clara County, California']"
1790000,1799999,0,[]
1800000,1809999,1,"['48439', 1809034.0, 'Tarrant County, Texas']"
1810000,1819999,0,[]
1820000,1829999,1,"['26163', 1820584.0, 'Wayne County, Michigan']"
1830000,1839999,0,[]
1840000,1849999,0,[]
1850000,1859999,0,[]
1860000,1869999,0,[]
1870000,1879999,0,[]
1880000,1889999,0,[]
1890000,1899999,0,[]
1900000,1909999,0,[]
1910000,1919999,0,[]
1920000,1929999,0,[]
1930000,1939999,1,"['53033', 1931249.0, 'King County, Washington']"
1940000,1949999,0,[]
1950000,1959999,1,"['32003', 1951269.0, 'Clark County, Nevada']"
1960000,1969999,0,[]
1970000,1979999,0,[]
1980000,1989999,0,[]
1990000,1999999,0,[]
2000000,2009999,0,[]
2010000,2019999,0,[]
2020000,2029999,0,[]
2030000,2039999,1,"['06071', 2035210.0, 'San Bernardino County, California']"
2040000,2049999,0,[]
2050000,2059999,0,[]
2060000,2069999,0,[]
2070000,2079999,0,[]
2080000,2089999,0,[]
2090000,2099999,0,[]
2100000,2109999,0,[]
2110000,2119999,0,[]
2120000,2129999,0,[]
2130000,2139999,0,[]
2140000,2149999,0,[]
2150000,2159999,0,[]
2160000,2169999,0,[]
2170000,2179999,0,[]
2180000,2189999,1,"['06065', 2189641.0, 'Riverside County, California']"
2190000,2199999,0,[]
2200000,2209999,0,[]
2210000,2219999,0,[]
2220000,2229999,0,[]
2230000,2239999,1,"['36081', 2230722.0, 'Queens County, New York']"
2240000,2249999,0,[]
2250000,2259999,0,[]
2260000,2269999,0,[]
2270000,2279999,0,[]
2280000,2289999,0,[]
2290000,2299999,0,[]
2300000,2309999,0,[]
2310000,2319999,0,[]
2320000,2329999,0,[]
2330000,2339999,0,[]
2340000,2349999,0,[]
2350000,2359999,0,[]
2360000,2369999,1,"['48113', 2368139.0, 'Dallas County, Texas']"
2370000,2379999,0,[]
2380000,2389999,0,[]
2390000,2399999,0,[]
2400000,2409999,0,[]
2410000,2419999,0,[]
2420000,2429999,0,[]
2430000,2439999,0,[]
2440000,2449999,0,[]
2450000,2459999,0,[]
2460000,2469999,0,[]
2470000,2479999,0,[]
2480000,2489999,0,[]
2490000,2499999,1,"['12086', 2496435.0, 'Miami-Dade County, Florida']"
2500000,2509999,1,"['36047', 2504700.0, 'Kings County, New York']"
2510000,2519999,0,[]
2520000,2529999,0,[]
2530000,2539999,0,[]
2540000,2549999,0,[]
2550000,2559999,0,[]
2560000,2569999,0,[]
2570000,2579999,0,[]
2580000,2589999,0,[]
2590000,2599999,0,[]
2600000,2609999,0,[]
2610000,2619999,0,[]
2620000,2629999,0,[]
2630000,2639999,0,[]
2640000,2649999,0,[]
2650000,2659999,0,[]
2660000,2669999,0,[]
2670000,2679999,0,[]
2680000,2689999,0,[]
2690000,2699999,0,[]
2700000,2709999,0,[]
2710000,2719999,0,[]
2720000,2729999,0,[]
2730000,2739999,0,[]
2740000,2749999,0,[]
2750000,2759999,0,[]
2760000,2769999,0,[]
2770000,2779999,0,[]
2780000,2789999,0,[]
2790000,2799999,0,[]
2800000,2809999,0,[]
2810000,2819999,0,[]
2820000,2829999,0,[]
2830000,2839999,0,[]
2840000,2849999,0,[]
2850000,2859999,0,[]
2860000,2869999,0,[]
2870000,2879999,0,[]
2880000,2889999,0,[]
2890000,2899999,0,[]
2900000,2909999,0,[]
2910000,2919999,0,[]
2920000,2929999,0,[]
2930000,2939999,0,[]
2940000,2949999,0,[]
2950000,2959999,0,[]
2960000,2969999,0,[]
2970000,2979999,0,[]
2980000,2989999,0,[]
2990000,2999999,0,[]
3000000,3009999,0,[]
3010000,3019999,1,"['06059', 3010232.0, 'Orange County, California']"
3020000,3029999,0,[]
3030000,3039999,0,[]
3040000,3049999,0,[]
3050000,3059999,0,[]
3060000,3069999,0,[]
3070000,3079999,0,[]
3080000,3089999,0,[]
3090000,3099999,1,"['06073', 3095313.0, 'San Diego County, California']"
3100000,3109999,0,[]
3110000,3119999,0,[]
3120000,3129999,0,[]
3130000,3139999,0,[]
3140000,3149999,0,[]
3150000,3159999,0,[]
3160000,3169999,0,[]
3170000,3179999,0,[]
3180000,3189999,0,[]
3190000,3199999,0,[]
3200000,3209999,0,[]
3210000,3219999,0,[]
3220000,3229999,0,[]
3230000,3239999,0,[]
3240000,3249999,0,[]
3250000,3259999,0,[]
3260000,3269999,0,[]
3270000,3279999,0,[]
3280000,3289999,0,[]
3290000,3299999,0,[]
3300000,3309999,0,[]
3310000,3319999,0,[]
3320000,3329999,0,[]
3330000,3339999,0,[]
3340000,3349999,0,[]
3350000,3359999,0,[]
3360000,3369999,0,[]
3370000,3379999,0,[]
3380000,3389999,0,[]
3390000,3399999,0,[]
3400000,3409999,0,[]
3410000,3419999,0,[]
3420000,3429999,0,[]
3430000,3439999,0,[]
3440000,3449999,0,[]
3450000,3459999,0,[]
3460000,3469999,0,[]
3470000,3479999,0,[]
3480000,3489999,0,[]
3490000,3499999,0,[]
3500000,3509999,0,[]
3510000,3519999,0,[]
3520000,3529999,0,[]
3530000,3539999,0,[]
3540000,3549999,0,[]
3550000,3559999,0,[]
3560000,3569999,0,[]
3570000,3579999,0,[]
3580000,3589999,0,[]
3590000,3599999,0,[]
3600000,3609999,0,[]
3610000,3619999,0,[]
3620000,3629999,0,[]
3630000,3639999,0,[]
3640000,3649999,0,[]
3650000,3659999,0,[]
3660000,3669999,0,[]
3670000,3679999,0,[]
3680000,3689999,0,[]
3690000,3699999,0,[]
3700000,3709999,0,[]
3710000,3719999,0,[]
3720000,3729999,0,[]
3730000,3739999,0,[]
3740000,3749999,0,[]
3750000,3759999,0,[]
3760000,3769999,0,[]
3770000,3779999,0,[]
3780000,3789999,0,[]
3790000,3799999,0,[]
3800000,3809999,0,[]
3810000,3819999,1,"['04013', 3817117.0, 'Maricopa County, Arizona']"
3820000,3829999,0,[]
3830000,3839999,0,[]
3840000,3849999,0,[]
3850000,3859999,0,[]
3860000,3869999,0,[]
3870000,3879999,0,[]
3880000,3889999,0,[]
3890000,3899999,0,[]
3900000,3909999,0,[]
3910000,3919999,0,[]
3920000,3929999,0,[]
3930000,3939999,0,[]
3940000,3949999,0,[]
3950000,3959999,0,[]
3960000,3969999,0,[]
3970000,3979999,0,[]
3980000,3989999,0,[]
3990000,3999999,0,[]
4000000,4009999,0,[]
4010000,4019999,0,[]
4020000,4029999,0,[]
4030000,4039999,0,[]
4040000,4049999,0,[]
4050000,4059999,0,[]
4060000,4069999,0,[]
4070000,4079999,0,[]
4080000,4089999,0,[]
4090000,4099999,1,"['48201', 4092459.0, 'Harris County, Texas']"
4100000,4109999,0,[]
4110000,4119999,0,[]
4120000,4129999,0,[]
4130000,4139999,0,[]
4140000,4149999,0,[]
4150000,4159999,0,[]
4160000,4169999,0,[]
4170000,4179999,0,[]
4180000,4189999,0,[]
4190000,4199999,0,[]
4200000,4209999,0,[]
4210000,4219999,0,[]
4220000,4229999,0,[]
4230000,4239999,0,[]
4240000,4249999,0,[]
4250000,4259999,0,[]
4260000,4269999,0,[]
4270000,4279999,0,[]
4280000,4289999,0,[]
4290000,4299999,0,[]
4300000,4309999,0,[]
4310000,4319999,0,[]
4320000,4329999,0,[]
4330000,4339999,0,[]
4340000,4349999,0,[]
4350000,4359999,0,[]
4360000,4369999,0,[]
4370000,4379999,0,[]
4380000,4389999,0,[]
4390000,4399999,0,[]
4400000,4409999,0,[]
4410000,4419999,0,[]
4420000,4429999,0,[]
4430000,4439999,0,[]
4440000,4449999,0,[]
4450000,4459999,0,[]
4460000,4469999,0,[]
4470000,4479999,0,[]
4480000,4489999,0,[]
4490000,4499999,0,[]
4500000,4509999,0,[]
4510000,4519999,0,[]
4520000,4529999,0,[]
4530000,4539999,0,[]
4540000,4549999,0,[]
4550000,4559999,0,[]
4560000,4569999,0,[]
4570000,4579999,0,[]
4580000,4589999,0,[]
4590000,4599999,0,[]
4600000,4609999,0,[]
4610000,4619999,0,[]
4620000,4629999,0,[]
4630000,4639999,0,[]
4640000,4649999,0,[]
4650000,4659999,0,[]
4660000,4669999,0,[]
4670000,4679999,0,[]
4680000,4689999,0,[]
4690000,4699999,0,[]
4700000,4709999,0,[]
4710000,4719999,0,[]
4720000,4729999,0,[]
4730000,4739999,0,[]
4740000,4749999,0,[]
4750000,4759999,0,[]
4760000,4769999,0,[]
4770000,4779999,0,[]
4780000,4789999,0,[]
4790000,4799999,0,[]
4800000,4809999,0,[]
4810000,4819999,0,[]
4820000,4829999,0,[]
4830000,4839999,0,[]
4840000,4849999,0,[]
4850000,4859999,0,[]
4860000,4869999,0,[]
4870000,4879999,0,[]
4880000,4889999,0,[]
4890000,4899999,0,[]
4900000,4909999,0,[]
4910000,4919999,0,[]
4920000,4929999,0,[]
4930000,4939999,0,[]
4940000,4949999,0,[]
4950000,4959999,0,[]
4960000,4969999,0,[]
4970000,4979999,0,[]
4980000,4989999,0,[]
4990000,4999999,0,[]
5000000,5009999,0,[]
5010000,5019999,0,[]
5020000,5029999,0,[]
5030000,5039999,0,[]
5040000,5049999,0,[]
5050000,5059999,0,[]
5060000,5069999,0,[]
5070000,5079999,0,[]
5080000,5089999,0,[]
5090000,5099999,0,[]
5100000,5109999,0,[]
5110000,5119999,0,[]
5120000,5129999,0,[]
5130000,5139999,0,[]
5140000,5149999,0,[]
5150000,5159999,0,[]
5160000,5169999,0,[]
5170000,5179999,0,[]
5180000,5189999,0,[]
5190000,5199999,1,"['17031', 5194675.0, 'Cook County, Illinois']"
5200000,5209999,0,[]
5210000,5219999,0,[]
5220000,5229999,0,[]
5230000,5239999,0,[]
5240000,5249999,0,[]
5250000,5259999,0,[]
5260000,5269999,0,[]
5270000,5279999,0,[]
5280000,5289999,0,[]
5290000,5299999,0,[]
5300000,5309999,0,[]
5310000,5319999,0,[]
5320000,5329999,0,[]
5330000,5339999,0,[]
5340000,5349999,0,[]
5350000,5359999,0,[]
5360000,5369999,0,[]
5370000,5379999,0,[]
5380000,5389999,0,[]
5390000,5399999,0,[]
5400000,5409999,0,[]
5410000,5419999,0,[]
5420000,5429999,0,[]
5430000,5439999,0,[]
5440000,5449999,0,[]
5450000,5459999,0,[]
5460000,5469999,0,[]
5470000,5479999,0,[]
5480000,5489999,0,[]
5490000,5499999,0,[]
5500000,5509999,0,[]
5510000,5519999,0,[]
5520000,5529999,0,[]
5530000,5539999,0,[]
5540000,5549999,0,[]
5550000,5559999,0,[]
5560000,5569999,0,[]
5570000,5579999,0,[]
5580000,5589999,0,[]
5590000,5599999,0,[]
5600000,5609999,0,[]
5610000,5619999,0,[]
5620000,5629999,0,[]
5630000,5639999,0,[]
5640000,5649999,0,[]
5650000,5659999,0,[]
5660000,5669999,0,[]
5670000,5679999,0,[]
5680000,5689999,0,[]
5690000,5699999,0,[]
5700000,5709999,0,[]
5710000,5719999,0,[]
5720000,5729999,0,[]
5730000,5739999,0,[]
5740000,5749999,0,[]
5750000,5759999,0,[]
5760000,5769999,0,[]
5770000,5779999,0,[]
5780000,5789999,0,[]
5790000,5799999,0,[]
5800000,5809999,0,[]
5810000,5819999,0,[]
5820000,5829999,0,[]
5830000,5839999,0,[]
5840000,5849999,0,[]
5850000,5859999,0,[]
5860000,5869999,0,[]
5870000,5879999,0,[]
5880000,5889999,0,[]
5890000,5899999,0,[]
5900000,5909999,0,[]
5910000,5919999,0,[]
5920000,5929999,0,[]
5930000,5939999,0,[]
5940000,5949999,0,[]
5950000,5959999,0,[]
5960000,5969999,0,[]
5970000,5979999,0,[]
5980000,5989999,0,[]
5990000,5999999,0,[]
6000000,6009999,0,[]
6010000,6019999,0,[]
6020000,6029999,0,[]
6030000,6039999,0,[]
6040000,6049999,0,[]
6050000,6059999,0,[]
6060000,6069999,0,[]
6070000,6079999,0,[]
6080000,6089999,0,[]
6090000,6099999,0,[]
6100000,6109999,0,[]
6110000,6119999,0,[]
6120000,6129999,0,[]
6130000,6139999,0,[]
6140000,6149999,0,[]
6150000,6159999,0,[]
6160000,6169999,0,[]
6170000,6179999,0,[]
6180000,6189999,0,[]
6190000,6199999,0,[]
6200000,6209999,0,[]
6210000,6219999,0,[]
6220000,6229999,0,[]
6230000,6239999,0,[]
6240000,6249999,0,[]
6250000,6259999,0,[]
6260000,6269999,0,[]
6270000,6279999,0,[]
6280000,6289999,0,[]
6290000,6299999,0,[]
6300000,6309999,0,[]
6310000,6319999,0,[]
6320000,6329999,0,[]
6330000,6339999,0,[]
6340000,6349999,0,[]
6350000,6359999,0,[]
6360000,6369999,0,[]
6370000,6379999,0,[]
6380000,6389999,0,[]
6390000,6399999,0,[]
6400000,6409999,0,[]
6410000,6419999,0,[]
6420000,6429999,0,[]
6430000,6439999,0,[]
6440000,6449999,0,[]
6450000,6459999,0,[]
6460000,6469999,0,[]
6470000,6479999,0,[]
6480000,6489999,0,[]
6490000,6499999,0,[]
6500000,6509999,0,[]
6510000,6519999,0,[]
6520000,6529999,0,[]
6530000,6539999,0,[]
6540000,6549999,0,[]
6550000,6559999,0,[]
6560000,6569999,0,[]
6570000,6579999,0,[]
6580000,6589999,0,[]
6590000,6599999,0,[]
6600000,6609999,0,[]
6610000,6619999,0,[]
6620000,6629999,0,[]
6630000,6639999,0,[]
6640000,6649999,0,[]
6650000,6659999,0,[]
6660000,6669999,0,[]
6670000,6679999,0,[]
6680000,6689999,0,[]
6690000,6699999,0,[]
6700000,6709999,0,[]
6710000,6719999,0,[]
6720000,6729999,0,[]
6730000,6739999,0,[]
6740000,6749999,0,[]
6750000,6759999,0,[]
6760000,6769999,0,[]
6770000,6779999,0,[]
6780000,6789999,0,[]
6790000,6799999,0,[]
6800000,6809999,0,[]
6810000,6819999,0,[]
6820000,6829999,0,[]
6830000,6839999,0,[]
6840000,6849999,0,[]
6850000,6859999,0,[]
6860000,6869999,0,[]
6870000,6879999,0,[]
6880000,6889999,0,[]
6890000,6899999,0,[]
6900000,6909999,0,[]
6910000,6919999,0,[]
6920000,6929999,0,[]
6930000,6939999,0,[]
6940000,6949999,0,[]
6950000,6959999,0,[]
6960000,6969999,0,[]
6970000,6979999,0,[]
6980000,6989999,0,[]
6990000,6999999,0,[]
7000000,7009999,0,[]
7010000,7019999,0,[]
7020000,7029999,0,[]
7030000,7039999,0,[]
7040000,7049999,0,[]
7050000,7059999,0,[]
7060000,7069999,0,[]
7070000,7079999,0,[]
7080000,7089999,0,[]
7090000,7099999,0,[]
7100000,7109999,0,[]
7110000,7119999,0,[]
7120000,7129999,0,[]
7130000,7139999,0,[]
7140000,7149999,0,[]
7150000,7159999,0,[]
7160000,7169999,0,[]
7170000,7179999,0,[]
7180000,7189999,0,[]
7190000,7199999,0,[]
7200000,7209999,0,[]
7210000,7219999,0,[]
7220000,7229999,0,[]
7230000,7239999,0,[]
7240000,7249999,0,[]
7250000,7259999,0,[]
7260000,7269999,0,[]
7270000,7279999,0,[]
7280000,7289999,0,[]
7290000,7299999,0,[]
7300000,7309999,0,[]
7310000,7319999,0,[]
7320000,7329999,0,[]
7330000,7339999,0,[]
7340000,7349999,0,[]
7350000,7359999,0,[]
7360000,7369999,0,[]
7370000,7379999,0,[]
7380000,7389999,0,[]
7390000,7399999,0,[]
7400000,7409999,0,[]
7410000,7419999,0,[]
7420000,7429999,0,[]
7430000,7439999,0,[]
7440000,7449999,0,[]
7450000,7459999,0,[]
7460000,7469999,0,[]
7470000,7479999,0,[]
7480000,7489999,0,[]
7490000,7499999,0,[]
7500000,7509999,0,[]
7510000,7519999,0,[]
7520000,7529999,0,[]
7530000,7539999,0,[]
7540000,7549999,0,[]
7550000,7559999,0,[]
7560000,7569999,0,[]
7570000,7579999,0,[]
7580000,7589999,0,[]
7590000,7599999,0,[]
7600000,7609999,0,[]
7610000,7619999,0,[]
7620000,7629999,0,[]
7630000,7639999,0,[]
7640000,7649999,0,[]
7650000,7659999,0,[]
7660000,7669999,0,[]
7670000,7679999,0,[]
7680000,7689999,0,[]
7690000,7699999,0,[]
7700000,7709999,0,[]
7710000,7719999,0,[]
7720000,7729999,0,[]
7730000,7739999,0,[]
7740000,7749999,0,[]
7750000,7759999,0,[]
7760000,7769999,0,[]
7770000,7779999,0,[]
7780000,7789999,0,[]
7790000,7799999,0,[]
7800000,7809999,0,[]
7810000,7819999,0,[]
7820000,7829999,0,[]
7830000,7839999,0,[]
7840000,7849999,0,[]
7850000,7859999,0,[]
7860000,7869999,0,[]
7870000,7879999,0,[]
7880000,7889999,0,[]
7890000,7899999,0,[]
7900000,7909999,0,[]
7910000,7919999,0,[]
7920000,7929999,0,[]
7930000,7939999,0,[]
7940000,7949999,0,[]
7950000,7959999,0,[]
7960000,7969999,0,[]
7970000,7979999,0,[]
7980000,7989999,0,[]
7990000,7999999,0,[]
8000000,8009999,0,[]
8010000,8019999,0,[]
8020000,8029999,0,[]
8030000,8039999,0,[]
8040000,8049999,0,[]
8050000,8059999,0,[]
8060000,8069999,0,[]
8070000,8079999,0,[]
8080000,8089999,0,[]
8090000,8099999,0,[]
8100000,8109999,0,[]
8110000,8119999,0,[]
8120000,8129999,0,[]
8130000,8139999,0,[]
8140000,8149999,0,[]
8150000,8159999,0,[]
8160000,8169999,0,[]
8170000,8179999,0,[]
8180000,8189999,0,[]
8190000,8199999,0,[]
8200000,8209999,0,[]
8210000,8219999,0,[]
8220000,8229999,0,[]
8230000,8239999,0,[]
8240000,8249999,0,[]
8250000,8259999,0,[]
8260000,8269999,0,[]
8270000,8279999,0,[]
8280000,8289999,0,[]
8290000,8299999,0,[]
8300000,8309999,0,[]
8310000,8319999,0,[]
8320000,8329999,0,[]
8330000,8339999,0,[]
8340000,8349999,0,[]
8350000,8359999,0,[]
8360000,8369999,0,[]
8370000,8379999,0,[]
8380000,8389999,0,[]
8390000,8399999,0,[]
8400000,8409999,0,[]
8410000,8419999,0,[]
8420000,8429999,0,[]
8430000,8439999,0,[]
8440000,8449999,0,[]
8450000,8459999,0,[]
8460000,8469999,0,[]
8470000,8479999,0,[]
8480000,8489999,0,[]
8490000,8499999,0,[]
8500000,8509999,0,[]
8510000,8519999,0,[]
8520000,8529999,0,[]
8530000,8539999,0,[]
8540000,8549999,0,[]
8550000,8559999,0,[]
8560000,8569999,0,[]
8570000,8579999,0,[]
8580000,8589999,0,[]
8590000,8599999,0,[]
8600000,8609999,0,[]
8610000,8619999,0,[]
8620000,8629999,0,[]
8630000,8639999,0,[]
8640000,8649999,0,[]
8650000,8659999,0,[]
8660000,8669999,0,[]
8670000,8679999,0,[]
8680000,8689999,0,[]
8690000,8699999,0,[]
8700000,8709999,0,[]
8710000,8719999,0,[]
8720000,8729999,0,[]
8730000,8739999,0,[]
8740000,8749999,0,[]
8750000,8759999,0,[]
8760000,8769999,0,[]
8770000,8779999,0,[]
8780000,8789999,0,[]
8790000,8799999,0,[]
8800000,8809999,0,[]
8810000,8819999,0,[]
8820000,8829999,0,[]
8830000,8839999,0,[]
8840000,8849999,0,[]
8850000,8859999,0,[]
8860000,8869999,0,[]
8870000,8879999,0,[]
8880000,8889999,0,[]
8890000,8899999,0,[]
8900000,8909999,0,[]
8910000,8919999,0,[]
8920000,8929999,0,[]
8930000,8939999,0,[]
8940000,8949999,0,[]
8950000,8959999,0,[]
8960000,8969999,0,[]
8970000,8979999,0,[]
8980000,8989999,0,[]
8990000,8999999,0,[]
9000000,9009999,0,[]
9010000,9019999,0,[]
9020000,9029999,0,[]
9030000,9039999,0,[]
9040000,9049999,0,[]
9050000,9059999,0,[]
9060000,9069999,0,[]
9070000,9079999,0,[]
9080000,9089999,0,[]
9090000,9099999,0,[]
9100000,9109999,0,[]
9110000,9119999,0,[]
9120000,9129999,0,[]
9130000,9139999,0,[]
9140000,9149999,0,[]
9150000,9159999,0,[]
9160000,9169999,0,[]
9170000,9179999,0,[]
9180000,9189999,0,[]
9190000,9199999,0,[]
9200000,9209999,0,[]
9210000,9219999,0,[]
9220000,9229999,0,[]
9230000,9239999,0,[]
9240000,9249999,0,[]
9250000,9259999,0,[]
9260000,9269999,0,[]
9270000,9279999,0,[]
9280000,9289999,0,[]
9290000,9299999,0,[]
9300000,9309999,0,[]
9310000,9319999,0,[]
9320000,9329999,0,[]
9330000,9339999,0,[]
9340000,9349999,0,[]
9350000,9359999,0,[]
9360000,9369999,0,[]
9370000,9379999,0,[]
9380000,9389999,0,[]
9390000,9399999,0,[]
9400000,9409999,0,[]
9410000,9419999,0,[]
9420000,9429999,0,[]
9430000,9439999,0,[]
9440000,9449999,0,[]
9450000,9459999,0,[]
9460000,9469999,0,[]
9470000,9479999,0,[]
9480000,9489999,0,[]
9490000,9499999,0,[]
9500000,9509999,0,[]
9510000,9519999,0,[]
9520000,9529999,0,[]
9530000,9539999,0,[]
9540000,9549999,0,[]
9550000,9559999,0,[]
9560000,9569999,0,[]
9570000,9579999,0,[]
9580000,9589999,0,[]
9590000,9599999,0,[]
9600000,9609999,0,[]
9610000,9619999,0,[]
9620000,9629999,0,[]
9630000,9639999,0,[]
9640000,9649999,0,[]
9650000,9659999,0,[]
9660000,9669999,0,[]
9670000,9679999,0,[]
9680000,9689999,0,[]
9690000,9699999,0,[]
9700000,9709999,0,[]
9710000,9719999,0,[]
9720000,9729999,0,[]
9730000,9739999,0,[]
9740000,9749999,0,[]
9750000,9759999,0,[]
9760000,9769999,0,[]
9770000,9779999,0,[]
9780000,9789999,0,[]
9790000,9799999,0,[]
9800000,9809999,0,[]
9810000,9819999,1,"['06037', 9818605.0, 'Los Angeles County, California']"
9820000,9829999,0,[]
9830000,9839999,0,[]
